id	rate
01001	8.9     
01003	10.0     
01005	12.3     
01007	11.4     
01009	9.8     
01011	11.8     
01013	13.6     
01015	11.4     
01017	14.9     
01019	10.6     
01021	10.3     
01023	13.3     
01025	19.9     
01027	14.5     
01029	10.0     
01031	8.6     
01033	11.5     
01035	17.2     
01037	15.4     
01039	10.3     
01041	10.2     
01043	10.4     
01045	8.8     
01047	16.9     
01049	12.7     
01051	9.1     
01053	11.8     
01055	10.9     
01057	13.0     
01059	10.7     
01061	10.4     
01063	17.3     
01065	15.1     
01067	10.9     
01069	9.1     
01071	11.8     
01073	10.3     
01075	13.2     
01077	10.1     
01079	12.6     
01081	9.0     
01083	9.6     
01085	18.5     
01087	14.8     
01089	8.3     
01091	13.7     
01093	13.6     
01095	9.6     
01097	11.3     
01099	18.1     
01101	10.0     
01103	10.8     
01105	16.8     
01107	13.1     
01109	9.4     
01111	13.4     
01113	10.9     
01115	10.1     
01117	7.1     
01119	13.3     
01121	13.5     
01123	13.1     
01125	9.2     
01127	12.7     
01129	14.2     
01131	26.3     
01133	16.0     
02013	5.6     
02016	5.1     
02020	6.6     
02050	14.6     
02060	9.7     
02068	11.9     
02070	10.1     
02090	6.6     
02100	10.6     
02105	14.0     
02110	5.9     
02122	10.0     
02130	8.7     
02150	7.4     
02158	20.4     
02164	14.4     
02170	9.4     
02180	12.6     
02185	8.0     
02188	13.4     
02195	7.9     
02198	10.5     
02220	6.3     
02230	14.5     
02240	11.9     
02261	9.4     
02275	8.0     
02282	10.8     
02290	17.2     
04001	16.4     
04003	9.3     
04005	9.9     
04007	12.5     
04009	12.9     
04011	16.4     
04012	10.2     
04013	9.5     
04015	13.0     
04017	14.7     
04019	9.3     
04021	10.7     
04023	15.2     
04025	10.7     
04027	25.1     
05001	18.6     
05003	10.1     
05005	9.4     
05007	6.6     
05009	7.8     
05011	10.8     
05013	8.8     
05015	7.3     
05017	12.3     
05019	8.6     
05021	11.0     
05023	8.6     
05025	8.4     
05027	10.0     
05029	9.7     
05031	7.4     
05033	8.2     
05035	10.5     
05037	8.3     
05039	12.3     
05041	11.1     
05043	10.9     
05045	7.2     
05047	7.7     
05049	7.8     
05051	8.5     
05053	7.1     
05055	9.7     
05057	9.3     
05059	8.6     
05061	7.8     
05063	8.8     
05065	10.1     
05067	11.9     
05069	10.4     
05071	8.2     
05073	9.9     
05075	9.5     
05077	8.6     
05079	9.4     
05081	7.7     
05083	8.6     
05085	6.8     
05087	7.1     
05089	10.1     
05091	5.8     
05093	12.5     
05095	9.2     
05097	8.8     
05099	10.0     
05101	6.9     
05103	9.6     
05105	8.9     
05107	10.5     
05109	9.1     
05111	9.3     
05113	7.5     
05115	7.8     
05117	9.2     
05119	7.3     
05121	10.2     
05123	10.6     
05125	6.7     
05127	7.1     
05129	9.2     
05131	8.0     
05133	7.0     
05135	9.8     
05137	7.6     
05139	11.3     
05141	11.2     
05143	6.5     
05145	8.2     
05147	10.4     
05149	8.1     
06001	10.9     
06003	12.9     
06005	14.1     
06007	13.9     
06009	14.4     
06011	20.8     
06013	11.0     
06015	13.2     
06017	12.2     
06019	16.7     
06021	15.4     
06023	10.6     
06025	28.8     
06027	9.7     
06029	15.7     
06031	16.1     
06033	15.1     
06035	14.0     
06037	12.5     
06039	16.6     
06041	7.9     
06043	12.9     
06045	11.6     
06047	18.0     
06049	15.2     
06051	10.2     
06053	12.7     
06055	10.3     
06057	11.7     
06059	9.7     
06061	11.6     
06063	18.2     
06065	13.8     
06067	12.6     
06069	15.1     
06071	13.5     
06073	10.8     
06075	8.9     
06077	16.5     
06079	10.1     
06081	8.4     
06083	9.7     
06085	10.4     
06087	13.3     
06089	16.8     
06091	15.3     
06093	16.8     
06095	12.6     
06097	10.8     
06099	16.9     
06101	18.4     
06103	15.4     
06105	17.0     
06107	17.2     
06109	15.2     
06111	10.8     
06113	12.1     
06115	17.8     
08001	10.0     
08003	9.0     
08005	8.6     
08007	10.6     
08009	4.9     
08011	8.1     
08013	7.0     
08014	7.4     
08015	7.7     
08017	4.1     
08019	8.1     
08021	9.6     
08023	10.6     
08025	9.1     
08027	6.6     
08029	10.7     
08031	9.1     
08033	17.7     
08035	7.0     
08037	8.5     
08039	8.1     
08041	9.3     
08043	11.7     
08045	10.3     
08047	8.0     
08049	8.8     
08051	6.4     
08053	5.7     
08055	14.0     
08057	8.8     
08059	8.4     
08061	6.4     
08063	4.5     
08065	11.0     
08067	7.1     
08069	7.6     
08071	10.6     
08073	6.0     
08075	6.3     
08077	11.0     
08079	7.0     
08081	9.9     
08083	9.1     
08085	11.0     
08087	7.0     
08089	9.2     
08091	9.8     
08093	8.1     
08095	5.3     
08097	8.1     
08099	7.0     
08101	10.4     
08103	8.9     
08105	10.6     
08107	9.3     
08109	10.1     
08111	12.5     
08113	7.8     
08115	7.4     
08117	6.7     
08119	9.4     
08121	5.9     
08123	9.2     
08125	5.6     
09001	8.4     
09003	9.5     
09005	8.7     
09007	7.9     
09009	10.0     
09011	8.9     
09013	7.8     
09015	10.3     
10001	8.9     
10003	8.3     
10005	8.5     
11001	9.4     
12001	8.0     
12003	11.3     
12005	10.5     
12007	9.9     
12009	11.3     
12011	10.2     
12013	10.1     
12015	12.7     
12017	13.7     
12019	9.9     
12021	11.6     
12023	10.8     
12027	12.2     
12029	12.9     
12031	11.4     
12033	10.1     
12035	12.4     
12037	8.0     
12039	11.8     
12041	10.8     
12043	9.5     
12045	10.3     
12047	11.4     
12049	11.5     
12051	14.0     
12053	13.5     
12055	12.5     
12057	10.7     
12059	10.4     
12061	13.9     
12063	9.1     
12065	9.9     
12067	7.3     
12069	11.8     
12071	12.5     
12073	7.9     
12075	11.9     
12077	8.8     
12079	10.0     
12081	11.4     
12083	13.6     
12085	10.8     
12086	11.1     
12087	7.8     
12089	10.6     
12091	8.4     
12093	12.6     
12095	10.8     
12097	12.5     
12099	11.0     
12101	11.9     
12103	10.8     
12105	12.1     
12107	13.4     
12109	8.7     
12111	13.8     
12113	9.3     
12115	11.6     
12117	10.6     
12119	13.3     
12121	9.8     
12123	10.6     
12125	8.5     
12127	12.3     
12129	8.4     
12131	9.4     
12133	10.6     
13001	11.8     
13003	15.2     
13005	10.6     
13007	12.1     
13009	15.4     
13011	9.7     
13013	10.8     
13015	12.2     
13017	15.9     
13019	13.0     
13021	11.6     
13023	12.5     
13025	12.7     
13027	9.6     
13029	9.6     
13031	10.1     
13033	12.2     
13035	11.5     
13037	8.8     
13039	9.9     
13043	8.8     
13045	11.7     
13047	8.6     
13049	10.6     
13051	9.9     
13053	10.9     
13055	11.7     
13057	8.8     
13059	9.3     
13061	11.6     
13063	13.5     
13065	11.1     
13067	9.3     
13069	15.8     
13071	9.7     
13073	7.3     
13075	11.7     
13077	9.7     
13079	11.4     
13081	14.2     
13083	8.7     
13085	10.9     
13087	12.4     
13089	10.8     
13091	13.0     
13093	11.6     
13095	12.6     
13097	11.2     
13099	11.7     
13101	8.2     
13103	9.6     
13105	14.9     
13107	12.9     
13109	9.1     
13111	11.7     
13113	8.2     
13115	11.8     
13117	8.0     
13119	12.7     
13121	10.5     
13123	11.3     
13125	11.0     
13127	10.0     
13129	12.7     
13131	10.5     
13133	13.2     
13135	9.2     
13137	10.7     
13139	9.6     
13141	22.9     
13143	12.3     
13145	7.7     
13147	11.5     
13149	12.1     
13151	10.3     
13153	8.5     
13155	14.7     
13157	10.5     
13159	11.7     
13161	12.8     
13163	14.1     
13165	15.2     
13167	10.8     
13169	9.7     
13171	14.2     
13173	10.5     
13175	13.2     
13177	9.0     
13179	9.0     
13181	11.5     
13183	8.4     
13185	9.6     
13187	10.4     
13189	13.2     
13191	10.6     
13193	13.2     
13195	10.4     
13197	10.7     
13199	13.7     
13201	10.4     
13205	10.8     
13207	10.2     
13209	12.0     
13211	10.4     
13213	13.8     
13215	10.1     
13217	12.7     
13219	7.1     
13221	9.6     
13223	10.0     
13225	12.1     
13227	11.0     
13229	10.4     
13231	10.7     
13233	12.0     
13235	9.2     
13237	12.9     
13239	10.0     
13241	11.8     
13243	12.2     
13245	11.0     
13247	11.3     
13249	12.1     
13251	17.0     
13253	12.5     
13255	14.9     
13257	12.3     
13259	10.3     
13261	13.3     
13263	10.1     
13265	18.0     
13267	9.1     
13269	14.5     
13271	14.7     
13273	12.2     
13275	11.2     
13277	12.0     
13279	12.3     
13281	12.9     
13283	12.1     
13285	11.5     
13287	16.6     
13289	15.5     
13291	11.0     
13293	12.2     
13295	10.3     
13297	10.6     
13299	11.0     
13301	17.2     
13303	14.5     
13305	12.0     
13307	12.8     
13309	15.1     
13311	10.2     
13313	11.9     
13315	12.4     
13317	13.2     
13319	14.0     
13321	12.1     
15001	9.9     
15003	6.0     
15007	8.8     
15009	8.5     
16001	8.3     
16003	18.5     
16005	8.0     
16007	7.4     
16009	13.6     
16011	7.2     
16013	9.6     
16015	10.6     
16017	12.9     
16019	7.0     
16021	13.4     
16023	7.2     
16025	12.8     
16027	11.3     
16029	7.8     
16031	7.1     
16033	9.3     
16035	14.6     
16037	8.2     
16039	8.6     
16041	5.3     
16043	8.7     
16045	11.4     
16047	7.5     
16049	12.5     
16051	7.1     
16053	8.0     
16055	10.9     
16057	6.6     
16059	10.2     
16061	6.7     
16063	13.1     
16065	5.4     
16067	7.4     
16069	6.7     
16071	6.0     
16073	4.2     
16075	9.7     
16077	9.2     
16079	15.9     
16081	7.9     
16083	8.5     
16085	15.7     
16087	10.3     
17001	7.7     
17003	11.7     
17005	10.0     
17007	13.8     
17009	7.0     
17011	10.8     
17013	10.0     
17015	10.4     
17017	8.3     
17019	8.2     
17021	10.1     
17023	11.7     
17025	11.3     
17027	7.3     
17029	9.8     
17031	10.9     
17033	8.5     
17035	9.2     
17037	10.5     
17039	8.7     
17041	8.8     
17043	8.9     
17045	11.2     
17047	8.7     
17049	7.9     
17051	10.1     
17053	9.4     
17055	12.3     
17057	11.7     
17059	9.6     
17061	9.3     
17063	13.3     
17065	9.4     
17067	10.6     
17069	10.8     
17071	9.3     
17073	9.1     
17075	10.1     
17077	8.2     
17079	8.9     
17081	10.2     
17083	9.2     
17085	8.9     
17087	12.5     
17089	11.0     
17091	12.3     
17093	10.1     
17095	9.6     
17097	9.8     
17099	12.0     
17101	10.7     
17103	10.0     
17105	10.0     
17107	8.7     
17109	8.5     
17111	10.5     
17113	7.1     
17115	11.2     
17117	10.3     
17119	9.8     
17121	10.8     
17123	10.3     
17125	12.2     
17127	9.5     
17129	7.5     
17131	10.0     
17133	7.3     
17135	12.3     
17137	8.4     
17139	8.5     
17141	12.4     
17143	10.5     
17145	11.0     
17147	7.8     
17149	9.0     
17151	9.4     
17153	12.4     
17155	12.0     
17157	8.8     
17159	8.9     
17161	9.5     
17163	10.3     
17165	10.2     
17167	7.7     
17169	8.2     
17171	8.7     
17173	9.7     
17175	9.7     
17177	11.1     
17179	9.9     
17181	12.0     
17183	11.4     
17185	9.8     
17187	7.8     
17189	7.2     
17191	8.9     
17193	8.5     
17195	10.3     
17197	11.1     
17199	9.7     
17201	14.0     
17203	7.7     
18001	10.1     
18003	10.7     
18005	9.5     
18007	9.2     
18009	14.4     
18011	7.6     
18013	10.4     
18015	9.9     
18017	10.8     
18019	9.5     
18021	11.1     
18023	10.1     
18025	12.9     
18027	6.5     
18029	10.9     
18031	11.6     
18033	11.9     
18035	11.6     
18037	7.5     
18039	13.3     
18041	14.6     
18043	8.9     
18045	11.8     
18047	11.5     
18049	11.4     
18051	8.0     
18053	11.6     
18055	10.7     
18057	6.7     
18059	9.3     
18061	9.9     
18063	7.9     
18065	13.9     
18067	12.6     
18069	11.9     
18071	10.5     
18073	10.4     
18075	10.7     
18077	11.3     
18079	12.9     
18081	8.8     
18083	8.2     
18085	11.0     
18087	12.0     
18089	10.8     
18091	12.0     
18093	12.7     
18095	12.1     
18097	10.5     
18099	11.3     
18101	7.5     
18103	12.5     
18105	7.9     
18107	10.2     
18109	10.4     
18111	11.3     
18113	13.2     
18115	11.1     
18117	12.8     
18119	11.5     
18121	10.9     
18123	10.6     
18125	9.5     
18127	9.5     
18129	7.8     
18131	10.0     
18133	11.6     
18135	11.8     
18137	11.2     
18139	11.1     
18141	11.6     
18143	13.2     
18145	11.0     
18147	8.8     
18149	13.3     
18151	11.1     
18153	10.1     
18155	9.3     
18157	8.9     
18159	10.3     
18161	10.3     
18163	8.9     
18165	12.9     
18167	11.2     
18169	11.4     
18171	10.5     
18173	8.0     
18175	12.2     
18177	12.8     
18179	9.8     
18181	10.5     
18183	11.5     
19001	5.5     
19003	4.8     
19005	7.8     
19007	7.3     
19009	5.6     
19011	6.2     
19013	6.2     
19015	5.7     
19017	4.9     
19019	6.0     
19021	4.7     
19023	6.0     
19025	6.0     
19027	4.3     
19029	6.3     
19031	5.4     
19033	6.8     
19035	4.5     
19037	7.4     
19039	7.7     
19041	5.9     
19043	7.1     
19045	7.0     
19047	4.7     
19049	4.6     
19051	7.1     
19053	6.1     
19055	6.1     
19057	7.4     
19059	6.8     
19061	5.8     
19063	7.0     
19065	7.1     
19067	7.2     
19069	6.2     
19071	5.9     
19073	5.9     
19075	5.7     
19077	6.5     
19079	7.3     
19081	6.6     
19083	6.5     
19085	5.6     
19087	8.3     
19089	6.3     
19091	5.2     
19093	5.1     
19095	5.5     
19097	7.1     
19099	7.3     
19101	7.1     
19103	4.2     
19105	6.4     
19107	6.5     
19109	5.1     
19111	8.9     
19113	6.0     
19115	7.3     
19117	6.1     
19119	3.9     
19121	6.4     
19123	6.7     
19125	5.9     
19127	6.8     
19129	5.2     
19131	5.2     
19133	7.2     
19135	7.2     
19137	8.1     
19139	8.0     
19141	4.7     
19143	4.9     
19145	6.8     
19147	6.0     
19149	4.5     
19151	5.1     
19153	6.0     
19155	5.8     
19157	5.8     
19159	4.7     
19161	4.7     
19163	6.7     
19165	4.5     
19167	3.9     
19169	4.2     
19171	6.4     
19173	5.6     
19175	5.6     
19177	7.3     
19179	7.9     
19181	5.6     
19183	5.1     
19185	6.2     
19187	6.9     
19189	6.7     
19191	5.5     
19193	6.6     
19195	7.3     
19197	7.2     
20001	8.3     
20003	7.7     
20005	9.9     
20007	4.5     
20009	6.0     
20011	9.0     
20013	6.6     
20015	7.8     
20017	5.6     
20019	9.0     
20021	9.1     
20023	4.1     
20025	4.4     
20027	5.5     
20029	5.6     
20031	7.6     
20033	4.5     
20035	7.8     
20037	8.7     
20039	5.0     
20041	6.6     
20043	8.8     
20045	5.9     
20047	5.3     
20049	8.3     
20051	3.9     
20053	4.7     
20055	4.6     
20057	4.2     
20059	9.0     
20061	9.2     
20063	3.4     
20065	4.8     
20067	4.3     
20069	3.2     
20071	3.4     
20073	7.6     
20075	3.1     
20077	6.3     
20079	7.2     
20081	3.6     
20083	3.7     
20085	6.2     
20087	7.5     
20089	5.5     
20091	6.1     
20093	4.5     
20095	6.9     
20097	5.2     
20099	9.5     
20101	4.2     
20103	7.6     
20105	6.0     
20107	11.2     
20109	3.5     
20111	6.7     
20113	5.2     
20115	5.9     
20117	5.1     
20119	4.2     
20121	7.6     
20123	4.8     
20125	10.6     
20127	6.8     
20129	4.3     
20131	4.3     
20133	10.2     
20135	4.0     
20137	3.8     
20139	8.3     
20141	4.9     
20143	6.0     
20145	4.7     
20147	5.1     
20149	5.2     
20151	5.6     
20153	3.5     
20155	6.4     
20157	4.3     
20159	5.4     
20161	5.0     
20163	6.3     
20165	5.4     
20167	5.1     
20169	6.2     
20171	3.8     
20173	8.8     
20175	4.9     
20177	7.0     
20179	3.4     
20181	4.8     
20183	4.3     
20185	5.1     
20187	4.1     
20189	4.2     
20191	8.9     
20193	4.0     
20195	4.7     
20197	6.5     
20199	5.9     
20201	4.8     
20203	3.4     
20205	12.0     
20207	7.9     
20209	10.1     
21001	12.4     
21003	11.7     
21005	9.6     
21007	10.3     
21009	11.2     
21011	14.6     
21013	12.1     
21015	8.9     
21017	9.1     
21019	10.2     
21021	11.2     
21023	11.4     
21025	13.5     
21027	12.9     
21029	10.6     
21031	12.0     
21033	10.5     
21035	8.1     
21037	9.1     
21039	9.1     
21041	14.5     
21043	14.1     
21045	11.0     
21047	11.7     
21049	10.8     
21051	14.5     
21053	11.0     
21055	9.9     
21057	11.8     
21059	9.3     
21061	13.3     
21063	15.8     
21065	13.5     
21067	7.4     
21069	11.5     
21071	13.5     
21073	8.7     
21075	11.5     
21077	12.3     
21079	11.1     
21081	11.8     
21083	9.5     
21085	14.2     
21087	11.8     
21089	11.5     
21091	10.3     
21093	9.7     
21095	11.9     
21097	11.1     
21099	10.4     
21101	10.3     
21103	9.9     
21105	8.2     
21107	9.7     
21109	14.1     
21111	10.0     
21113	8.5     
21115	12.6     
21117	9.8     
21119	13.5     
21121	13.5     
21123	11.3     
21125	11.4     
21127	13.6     
21129	12.6     
21131	12.9     
21133	11.4     
21135	13.8     
21137	12.8     
21139	12.0     
21141	9.9     
21143	11.6     
21145	9.1     
21147	14.5     
21149	10.2     
21151	8.5     
21153	20.5     
21155	12.6     
21157	10.5     
21159	10.3     
21161	11.3     
21163	11.8     
21165	15.5     
21167	11.2     
21169	13.3     
21171	10.7     
21173	12.2     
21175	13.0     
21177	10.9     
21179	11.2     
21181	10.1     
21183	11.2     
21185	7.5     
21187	8.4     
21189	13.3     
21191	12.3     
21193	11.7     
21195	10.4     
21197	15.5     
21199	10.6     
21201	11.6     
21203	11.2     
21205	10.1     
21207	12.8     
21209	8.7     
21211	8.9     
21213	13.0     
21215	9.9     
21217	12.3     
21219	10.0     
21221	14.1     
21223	12.9     
21225	9.7     
21227	9.2     
21229	10.1     
21231	14.1     
21233	9.5     
21235	12.6     
21237	16.4     
21239	7.3     
22001	7.3     
22003	9.8     
22005	7.5     
22007	11.6     
22009	8.4     
22011	7.9     
22013	10.0     
22015	6.1     
22017	8.1     
22019	8.0     
22021	10.8     
22023	6.3     
22025	10.3     
22027	8.7     
22029	9.9     
22031	8.8     
22033	7.6     
22035	17.7     
22037	8.3     
22039	8.6     
22041	11.1     
22043	8.5     
22045	8.6     
22047	10.0     
22049	7.3     
22051	7.4     
22053	7.5     
22055	6.2     
22057	6.1     
22059	6.5     
22061	8.7     
22063	7.5     
22065	12.0     
22067	15.4     
22069	9.0     
22071	8.7     
22073	8.3     
22075	6.1     
22077	8.7     
22079	7.6     
22081	8.5     
22083	11.0     
22085	7.3     
22087	8.3     
22089	7.4     
22091	13.1     
22093	11.7     
22095	10.6     
22097	9.6     
22099	8.0     
22101	9.4     
22103	6.3     
22105	9.7     
22107	13.8     
22109	6.5     
22111	10.4     
22113	7.3     
22115	8.6     
22117	9.6     
22119	10.4     
22121	7.9     
22123	16.3     
22125	6.7     
22127	9.3     
23001	8.6     
23003	9.7     
23005	6.5     
23007	9.2     
23009	8.8     
23011	7.6     
23013	7.4     
23015	7.6     
23017	10.7     
23019	8.5     
23021	10.7     
23023	6.7     
23025	11.1     
23027	8.5     
23029	10.8     
23031	8.0     
24001	9.3     
24003	6.9     
24005	8.3     
24009	6.9     
24011	9.2     
24013	6.8     
24015	9.5     
24017	6.9     
24019	11.4     
24021	6.9     
24023	8.9     
24025	7.8     
24027	5.6     
24029	8.8     
24031	5.6     
24033	7.5     
24035	7.3     
24037	6.5     
24039	11.9     
24041	8.0     
24043	9.6     
24045	9.7     
24047	13.3     
24510	11.2     
25001	9.9     
25003	8.7     
25005	10.6     
25007	9.8     
25009	8.7     
25011	7.6     
25013	10.3     
25015	7.0     
25017	6.9     
25019	9.6     
25021	7.4     
25023	8.9     
25025	7.6     
25027	8.9     
26001	17.8     
26003	14.1     
26005	11.3     
26007	13.1     
26009	16.0     
26011	16.5     
26013	19.4     
26015	10.4     
26017	11.6     
26019	13.5     
26021	12.0     
26023	12.6     
26025	11.7     
26027	11.4     
26029	14.0     
26031	14.0     
26033	11.9     
26035	15.5     
26037	8.4     
26039	14.2     
26041	12.5     
26043	11.5     
26045	9.6     
26047	14.4     
26049	14.0     
26051	14.8     
26053	13.1     
26055	11.6     
26057	11.8     
26059	13.5     
26061	10.8     
26063	12.5     
26065	10.3     
26067	11.9     
26069	15.8     
26071	12.0     
26073	9.8     
26075	12.2     
26077	10.0     
26079	15.6     
26081	10.1     
26083	15.1     
26085	16.2     
26087	16.3     
26089	10.4     
26091	13.0     
26093	11.2     
26095	13.4     
26097	14.6     
26099	13.9     
26101	13.1     
26103	9.8     
26105	12.6     
26107	12.6     
26109	11.6     
26111	9.8     
26113	12.7     
26115	11.7     
26117	14.1     
26119	20.2     
26121	14.5     
26123	12.7     
26125	11.8     
26127	16.2     
26129	14.5     
26131	16.7     
26133	13.6     
26135	19.6     
26137	14.2     
26139	10.3     
26141	17.4     
26143	16.6     
26145	12.2     
26147	16.4     
26149	12.5     
26151	15.4     
26153	13.6     
26155	12.9     
26157	14.7     
26159	13.5     
26161	8.1     
26163	15.5     
26165	14.4     
27001	10.4     
27003	8.0     
27005	7.9     
27007	8.2     
27009	8.7     
27011	6.5     
27013	6.4     
27015	6.9     
27017	8.4     
27019	6.7     
27021	10.6     
27023	7.3     
27025	8.9     
27027	5.5     
27029	13.1     
27031	7.2     
27033	6.5     
27035	9.5     
27037	7.0     
27039	6.9     
27041	6.8     
27043	8.0     
27045	7.5     
27047	7.7     
27049	7.0     
27051	7.9     
27053	7.0     
27055	7.7     
27057	9.9     
27059	9.6     
27061	10.2     
27063	5.8     
27065	11.2     
27067	6.7     
27069	7.5     
27071	8.7     
27073	6.7     
27075	8.3     
27077	6.5     
27079	8.9     
27081	5.5     
27083	5.6     
27085	9.0     
27087	8.3     
27089	9.3     
27091	7.3     
27093	8.8     
27095	11.1     
27097	9.5     
27099	6.1     
27101	6.8     
27103	6.1     
27105	5.6     
27107	6.9     
27109	5.9     
27111	7.2     
27113	9.0     
27115	9.8     
27117	6.6     
27119	6.6     
27121	7.1     
27123	7.5     
27125	9.6     
27127	6.7     
27129	8.1     
27131	7.8     
27133	5.1     
27135	6.4     
27137	8.1     
27139	6.9     
27141	8.4     
27143	7.9     
27145	7.2     
27147	7.8     
27149	5.6     
27151	8.1     
27153	7.8     
27155	6.2     
27157	7.1     
27159	10.2     
27161	7.5     
27163	6.7     
27165	7.3     
27167	5.5     
27169	6.9     
27171	8.0     
27173	6.3     
28001	11.5     
28003	11.5     
28005	11.9     
28007	12.5     
28009	12.5     
28011	11.4     
28013	9.2     
28015	13.1     
28017	12.0     
28019	11.8     
28021	16.7     
28023	12.6     
28025	16.4     
28027	13.7     
28029	11.4     
28031	10.1     
28033	7.5     
28035	9.8     
28037	11.4     
28039	11.5     
28041	11.9     
28043	11.6     
28045	9.0     
28047	8.8     
28049	9.8     
28051	19.6     
28053	17.2     
28055	16.2     
28057	11.3     
28059	9.5     
28061	12.2     
28063	18.8     
28065	14.1     
28067	9.1     
28069	14.7     
28071	9.3     
28073	7.2     
28075	10.7     
28077	11.9     
28079	9.7     
28081	10.4     
28083	15.3     
28085	10.5     
28087	11.8     
28089	7.4     
28091	12.2     
28093	12.1     
28095	13.1     
28097	13.8     
28099	10.4     
28101	10.1     
28103	15.8     
28105	10.2     
28107	13.5     
28109	9.5     
28111	13.6     
28113	11.6     
28115	10.2     
28117	11.8     
28119	14.9     
28121	6.9     
28123	8.0     
28125	14.5     
28127	9.4     
28129	9.1     
28131	10.6     
28133	15.4     
28135	12.2     
28137	10.8     
28139	13.5     
28141	12.7     
28143	13.7     
28145	10.9     
28147	13.0     
28149	10.5     
28151	15.8     
28153	12.1     
28155	11.5     
28157	13.8     
28159	17.0     
28161	13.6     
28163	12.2     
29001	8.7     
29003	8.3     
29005	8.6     
29007	9.6     
29009	9.7     
29011	10.3     
29013	11.0     
29015	12.1     
29017	10.1     
29019	6.5     
29021	9.2     
29023	9.6     
29025	9.6     
29027	8.3     
29029	12.0     
29031	7.3     
29033	11.5     
29035	11.5     
29037	9.6     
29039	9.5     
29041	9.5     
29043	8.4     
29045	12.4     
29047	8.4     
29049	9.7     
29051	6.9     
29053	9.8     
29055	12.7     
29057	9.7     
29059	12.6     
29061	9.8     
29063	8.8     
29065	10.4     
29067	12.1     
29069	13.5     
29071	11.3     
29073	10.4     
29075	7.9     
29077	8.3     
29079	8.0     
29081	9.5     
29083	10.8     
29085	12.6     
29087	7.9     
29089	8.7     
29091	10.8     
29093	16.7     
29095	10.7     
29097	8.5     
29099	10.4     
29101	9.9     
29103	7.8     
29105	12.4     
29107	9.8     
29109	9.3     
29111	8.5     
29113	11.8     
29115	12.6     
29117	8.2     
29119	9.2     
29121	9.3     
29123	12.2     
29125	9.5     
29127	9.1     
29129	8.4     
29131	12.9     
29133	9.7     
29135	8.4     
29137	12.3     
29139	11.1     
29141	14.5     
29143	10.0     
29145	9.0     
29147	7.2     
29149	11.1     
29151	6.9     
29153	11.7     
29155	12.5     
29157	7.2     
29159	9.3     
29161	9.0     
29163	9.8     
29165	7.7     
29167	10.3     
29169	8.8     
29171	8.0     
29173	8.8     
29175	11.5     
29177	10.3     
29179	15.1     
29181	12.9     
29183	8.2     
29185	11.2     
29186	10.3     
29187	12.3     
29189	8.9     
29195	8.9     
29197	10.4     
29199	8.1     
29201	9.7     
29203	14.8     
29205	8.6     
29207	10.4     
29209	13.8     
29211	8.8     
29213	13.9     
29215	11.0     
29217	8.3     
29219	11.0     
29221	14.3     
29223	10.8     
29225	10.5     
29227	6.8     
29229	11.9     
29510	11.5     
30001	5.9     
30003	11.0     
30005	6.7     
30007	7.4     
30009	6.4     
30011	3.9     
30013	6.4     
30015	4.4     
30017	4.5     
30019	3.5     
30021	4.2     
30023	6.1     
30025	3.1     
30027	6.4     
30029	12.0     
30031	6.8     
30033	3.5     
30035	9.8     
30037	6.7     
30039	9.3     
30041	5.8     
30043	6.3     
30045	6.4     
30047	9.0     
30049	5.5     
30051	4.4     
30053	15.0     
30055	2.9     
30057	7.6     
30059	8.0     
30061	12.5     
30063	7.3     
30065	6.9     
30067	8.8     
30069	5.4     
30071	6.8     
30073	5.9     
30075	3.7     
30077	7.6     
30079	5.1     
30081	9.4     
30083	3.8     
30085	6.9     
30087	7.0     
30089	13.1     
30091	3.7     
30093	6.5     
30095	5.8     
30097	5.5     
30099	6.0     
30101	4.6     
30103	5.3     
30105	4.9     
30107	7.9     
30109	4.2     
30111	5.9     
31001	4.7     
31003	3.6     
31005	8.0     
31007	4.4     
31009	5.0     
31011	3.5     
31013	5.0     
31015	3.9     
31017	4.7     
31019	3.6     
31021	5.9     
31023	3.9     
31025	5.6     
31027	3.6     
31029	2.8     
31031	3.0     
31033	3.6     
31035	4.3     
31037	3.9     
31039	3.7     
31041	3.7     
31043	7.3     
31045	4.0     
31047	4.9     
31049	3.9     
31051	4.8     
31053	5.3     
31055	5.1     
31057	3.1     
31059	3.7     
31061	4.3     
31063	3.8     
31065	3.4     
31067	5.8     
31069	4.1     
31071	3.1     
31073	3.6     
31075	3.8     
31077	3.6     
31079	4.6     
31081	3.8     
31083	3.2     
31085	3.4     
31087	5.1     
31089	3.6     
31091	5.1     
31093	4.4     
31095	4.7     
31097	4.7     
31099	3.5     
31101	4.3     
31103	3.5     
31105	4.7     
31107	4.1     
31109	4.2     
31111	4.5     
31113	4.5     
31115	5.7     
31117	2.8     
31119	4.2     
31121	4.5     
31123	4.1     
31125	3.9     
31127	5.3     
31129	4.1     
31131	5.0     
31133	4.0     
31135	3.3     
31137	3.6     
31139	3.7     
31141	4.2     
31143	4.0     
31145	3.7     
31147	6.2     
31149	2.8     
31151	4.7     
31153	4.4     
31155	4.8     
31157	5.5     
31159	4.0     
31161	3.5     
31163	4.0     
31165	3.7     
31167	4.1     
31169	3.8     
31171	4.8     
31173	9.6     
31175	4.4     
31177	4.6     
31179	3.8     
31181	4.8     
31183	3.9     
31185	4.6     
32001	12.4     
32003	13.8     
32005	13.8     
32007	7.7     
32009	9.2     
32011	7.8     
32013	8.7     
32015	9.5     
32017	10.6     
32019	17.5     
32021	14.4     
32023	17.3     
32027	10.6     
32029	16.7     
32031	12.9     
32033	9.2     
32510	13.5     
33001	6.4     
33003	5.7     
33005	5.5     
33007	7.4     
33009	4.8     
33011	6.2     
33013	5.3     
33015	6.0     
33017	5.7     
33019	5.2     
34001	12.3     
34003	8.0     
34005	9.0     
34007	10.9     
34009	14.0     
34011	13.0     
34013	10.8     
34015	10.3     
34017	9.6     
34019	7.4     
34021	8.4     
34023	8.9     
34025	8.7     
34027	7.4     
34029	10.3     
34031	11.4     
34033	11.7     
34035	7.6     
34037	9.4     
34039	9.5     
34041	9.8     
35001	7.7     
35003	12.0     
35005	7.5     
35006	9.6     
35007	8.4     
35009	5.4     
35011	6.0     
35013	7.8     
35015	6.4     
35017	9.7     
35019	10.1     
35021	6.1     
35023	8.5     
35025	7.9     
35027	7.5     
35028	3.7     
35029	20.1     
35031	9.9     
35033	12.3     
35035	7.3     
35037	9.4     
35039	9.1     
35041	6.3     
35043	8.4     
35045	9.4     
35047	9.6     
35049	6.8     
35051	9.2     
35053	7.8     
35055	10.7     
35057	11.6     
35059	6.3     
35061	9.6     
36001	7.0     
36003	9.2     
36005	12.0     
36007	8.7     
36009	9.5     
36011	8.5     
36013	8.9     
36015	8.4     
36017	9.2     
36019	9.8     
36021	7.3     
36023	8.9     
36025	8.8     
36027	7.7     
36029	8.3     
36031	9.2     
36033	9.0     
36035	10.6     
36037	8.0     
36039	9.1     
36041	9.8     
36043	8.6     
36045	9.3     
36047	9.9     
36049	9.1     
36051	8.1     
36053	8.3     
36055	8.0     
36057	10.1     
36059	7.1     
36061	8.6     
36063	9.6     
36065	7.6     
36067	8.0     
36069	7.4     
36071	8.0     
36073	9.6     
36075	10.6     
36077	7.6     
36079	7.2     
36081	8.6     
36083	7.8     
36085	9.4     
36087	7.5     
36089	10.3     
36091	6.9     
36093	7.6     
36095	8.9     
36097	9.1     
36099	8.2     
36101	9.6     
36103	7.7     
36105	8.9     
36107	8.0     
36109	6.2     
36111	7.8     
36113	9.0     
36115	8.2     
36117	8.9     
36119	7.4     
36121	9.5     
36123	7.4     
37001	10.9     
37003	13.1     
37005	12.0     
37007	14.1     
37009	11.8     
37011	10.8     
37013	11.7     
37015	11.8     
37017	13.3     
37019	12.5     
37021	8.6     
37023	12.9     
37025	11.5     
37027	14.8     
37029	8.4     
37031	9.6     
37033	13.2     
37035	13.1     
37037	8.6     
37039	12.9     
37041	12.0     
37043	12.5     
37045	14.8     
37047	13.4     
37049	10.7     
37051	10.1     
37053	8.9     
37055	12.1     
37057	12.3     
37059	11.7     
37061	9.3     
37063	8.2     
37065	15.7     
37067	10.1     
37069	10.9     
37071	13.5     
37073	8.0     
37075	17.6     
37077	9.7     
37079	10.1     
37081	11.1     
37083	14.7     
37085	11.3     
37087	10.3     
37089	9.1     
37091	10.6     
37093	10.1     
37095	11.1     
37097	12.9     
37099	10.9     
37101	9.9     
37103	11.2     
37105	12.8     
37107	11.9     
37109	12.7     
37111	13.3     
37113	11.5     
37115	10.4     
37117	12.7     
37119	10.7     
37121	12.4     
37123	12.3     
37125	10.1     
37127	12.6     
37129	9.7     
37131	11.6     
37133	8.3     
37135	6.6     
37137	10.2     
37139	10.0     
37141	11.4     
37143	10.6     
37145	12.4     
37147	10.2     
37149	10.2     
37151	12.0     
37153	14.9     
37155	13.7     
37157	13.2     
37159	14.1     
37161	16.7     
37163	9.7     
37165	17.6     
37167	13.2     
37169	11.4     
37171	12.0     
37173	14.7     
37175	9.8     
37177	14.8     
37179	10.0     
37181	14.1     
37183	8.3     
37185	13.7     
37187	14.3     
37189	7.8     
37191	9.2     
37193	13.4     
37195	13.9     
37197	11.0     
37199	11.9     
38001	2.9     
38003	4.5     
38005	5.4     
38007	3.3     
38009	4.0     
38011	2.6     
38013	2.7     
38015	3.6     
38017	3.5     
38019	3.1     
38021	3.2     
38023	2.1     
38025	3.2     
38027	4.8     
38029	6.9     
38031	3.4     
38033	2.6     
38035	3.5     
38037	3.7     
38039	3.0     
38041	3.0     
38043	5.3     
38045	3.5     
38047	3.6     
38049	4.8     
38051	4.4     
38053	2.2     
38055	5.0     
38057	5.2     
38059	4.6     
38061	2.6     
38063	4.0     
38065	5.7     
38067	6.4     
38069	5.3     
38071	3.8     
38073	4.6     
38075	2.8     
38077	3.8     
38079	10.9     
38081	4.3     
38083	3.9     
38085	5.1     
38087	2.3     
38089	2.8     
38091	2.7     
38093	4.1     
38095	2.7     
38097	3.7     
38099	5.1     
38101	3.5     
38103	4.0     
38105	2.2     
39001	15.9     
39003	10.7     
39005	11.9     
39007	12.9     
39009	10.6     
39011	10.0     
39013	11.3     
39015	13.3     
39017	10.0     
39019	13.0     
39021	11.5     
39023	11.0     
39025	10.4     
39027	17.0     
39029	12.6     
39031	12.7     
39033	12.9     
39035	8.5     
39037	11.2     
39039	12.2     
39041	7.2     
39043	11.3     
39045	9.2     
39047	13.1     
39049	8.9     
39051	11.8     
39053	11.8     
39055	6.9     
39057	9.5     
39059	12.7     
39061	9.9     
39063	9.1     
39065	11.2     
39067	12.5     
39069	13.1     
39071	17.3     
39073	11.7     
39075	7.6     
39077	13.2     
39079	12.5     
39081	14.5     
39083	9.7     
39085	7.9     
39087	10.3     
39089	9.6     
39091	11.8     
39093	9.1     
39095	11.5     
39097	9.0     
39099	11.7     
39101	11.0     
39103	7.4     
39105	14.6     
39107	8.5     
39109	11.1     
39111	12.2     
39113	11.4     
39115	13.3     
39117	11.4     
39119	12.6     
39121	16.0     
39123	12.3     
39125	12.6     
39127	13.4     
39129	10.6     
39131	14.8     
39133	10.3     
39135	11.0     
39137	9.3     
39139	12.1     
39141	11.9     
39143	10.8     
39145	13.3     
39147	11.9     
39149	12.4     
39151	11.3     
39153	10.6     
39155	13.2     
39157	11.2     
39159	8.4     
39161	12.1     
39163	13.5     
39165	9.0     
39167	11.4     
39169	9.3     
39171	13.2     
39173	9.9     
39175	11.1     
40001	10.5     
40003	4.9     
40005	10.0     
40007	4.0     
40009	5.8     
40011	6.4     
40013	6.2     
40015	6.9     
40017	5.2     
40019	7.1     
40021	7.7     
40023	9.1     
40025	3.5     
40027	5.3     
40029	9.1     
40031	5.8     
40033	6.7     
40035	6.7     
40037	8.6     
40039	5.2     
40041	8.0     
40043	5.2     
40045	5.3     
40047	5.5     
40049	7.5     
40051	6.5     
40053	4.5     
40055	7.7     
40057	5.9     
40059	4.5     
40061	9.8     
40063	10.9     
40065	5.9     
40067	7.5     
40069	10.4     
40071	9.2     
40073	5.1     
40075	6.0     
40077	10.0     
40079	9.4     
40081	6.5     
40083	5.7     
40085	5.7     
40087	5.6     
40089	11.4     
40091	11.0     
40093	5.0     
40095	7.2     
40097	8.8     
40099	6.2     
40101	8.2     
40103	6.8     
40105	9.3     
40107	9.8     
40109	6.1     
40111	9.8     
40113	7.8     
40115	8.1     
40117	9.1     
40119	5.7     
40121	8.2     
40123	6.2     
40125	6.9     
40127	9.8     
40129	4.6     
40131	6.9     
40133	9.6     
40135	9.6     
40137	7.8     
40139	4.9     
40141	6.2     
40143	7.0     
40145	6.8     
40147	6.7     
40149	6.1     
40151	4.2     
40153	6.9     
41001	10.3     
41003	7.1     
41005	10.1     
41007	10.0     
41009	12.9     
41011	12.7     
41013	15.9     
41015	12.6     
41017	13.8     
41019	14.0     
41021	9.0     
41023	13.7     
41025	14.2     
41027	8.3     
41029	12.5     
41031	13.7     
41033	14.0     
41035	12.9     
41037	13.5     
41039	11.0     
41041	11.0     
41043	12.8     
41045	9.7     
41047	11.2     
41049	9.3     
41051	9.6     
41053	9.7     
41055	11.7     
41057	10.5     
41059	10.3     
41061	10.3     
41063	12.9     
41065	9.6     
41067	9.0     
41069	9.5     
41071	10.4     
42001	7.7     
42003	7.6     
42005	9.1     
42007	8.6     
42009	10.1     
42011	8.7     
42013	8.0     
42015	7.2     
42017	7.6     
42019	7.4     
42021	9.4     
42023	12.6     
42025	10.6     
42027	5.9     
42029	6.2     
42031	10.2     
42033	10.4     
42035	9.4     
42037	9.3     
42039	9.5     
42041	6.8     
42043	8.0     
42045	8.0     
42047	9.7     
42049	9.3     
42051	10.7     
42053	11.3     
42055	8.5     
42057	12.3     
42059	8.4     
42061	10.7     
42063	8.7     
42065	10.1     
42067	8.0     
42069	9.0     
42071	7.5     
42073	9.2     
42075	7.5     
42077	9.2     
42079	10.0     
42081	8.9     
42083	10.1     
42085	9.5     
42087	10.2     
42089	9.7     
42091	6.9     
42093	6.7     
42095	8.8     
42097	9.9     
42099	8.1     
42101	10.6     
42103	9.7     
42105	10.4     
42107	10.6     
42109	8.4     
42111	9.6     
42113	8.0     
42115	8.7     
42117	8.3     
42119	7.7     
42121	8.5     
42123	8.3     
42125	8.1     
42127	8.1     
42129	8.2     
42131	8.8     
42133	8.4     
44001	9.7     
44003	11.1     
44005	10.0     
44007	11.8     
44009	10.1     
45001	13.6     
45003	9.3     
45005	19.1     
45007	11.6     
45009	16.1     
45011	16.6     
45013	8.7     
45015	10.0     
45017	12.3     
45019	8.8     
45021	15.7     
45023	19.3     
45025	14.4     
45027	14.0     
45029	13.8     
45031	13.2     
45033	15.9     
45035	9.5     
45037	9.9     
45039	14.6     
45041	11.3     
45043	14.5     
45045	9.6     
45047	11.9     
45049	12.8     
45051	12.3     
45053	9.8     
45055	11.5     
45057	14.7     
45059	12.3     
45061	16.2     
45063	8.2     
45065	14.0     
45067	18.3     
45069	21.2     
45071	10.8     
45073	11.4     
45075	15.9     
45077	10.9     
45079	9.4     
45081	10.0     
45083	11.8     
45085	12.5     
45087	17.7     
45089	17.2     
45091	12.1     
46003	3.5     
46005	4.2     
46007	7.2     
46009	4.2     
46011	4.7     
46013	3.9     
46015	3.7     
46017	11.3     
46019	5.1     
46021	4.3     
46023	4.9     
46025	5.2     
46027	4.2     
46029	5.2     
46031	6.9     
46033	5.8     
46035	4.4     
46037	6.7     
46039	6.7     
46041	14.9     
46043	4.4     
46045	3.1     
46047	6.2     
46049	3.9     
46051	4.7     
46053	4.4     
46055	3.4     
46057	5.0     
46059	3.3     
46061	5.3     
46063	3.5     
46065	3.5     
46067	4.0     
46069	3.8     
46071	6.8     
46073	3.7     
46075	3.0     
46077	5.4     
46079	5.7     
46081	4.7     
46083	3.9     
46085	6.5     
46087	4.9     
46089	4.9     
46091	5.4     
46093	5.3     
46095	6.3     
46097	5.0     
46099	5.0     
46101	7.0     
46102	12.9     
46103	5.2     
46105	4.2     
46107	4.9     
46109	5.8     
46111	4.2     
46115	3.8     
46117	3.8     
46119	3.6     
46121	7.7     
46123	3.6     
46125	4.6     
46127	5.8     
46129	6.9     
46135	4.9     
46137	5.8     
47001	9.3     
47003	12.6     
47005	12.3     
47007	13.2     
47009	9.1     
47011	9.4     
47013	12.5     
47015	11.1     
47017	14.6     
47019	10.9     
47021	9.0     
47023	10.0     
47025	10.8     
47027	12.1     
47029	13.6     
47031	10.8     
47033	11.6     
47035	10.7     
47037	8.2     
47039	13.1     
47041	11.7     
47043	10.2     
47045	12.1     
47047	9.9     
47049	12.4     
47051	10.1     
47053	12.0     
47055	12.1     
47057	12.7     
47059	12.8     
47061	12.6     
47063	11.6     
47065	8.3     
47067	15.8     
47069	13.2     
47071	12.0     
47073	10.9     
47075	15.6     
47077	14.3     
47079	11.4     
47081	11.1     
47083	12.0     
47085	11.2     
47087	12.6     
47089	11.5     
47091	12.8     
47093	7.4     
47095	11.1     
47097	14.2     
47099	12.3     
47101	15.0     
47103	7.2     
47105	9.3     
47107	12.5     
47109	12.8     
47111	11.2     
47113	10.0     
47115	11.1     
47117	14.0     
47119	12.3     
47121	13.1     
47123	12.7     
47125	8.5     
47127	7.9     
47129	11.4     
47131	9.6     
47133	10.7     
47135	13.5     
47137	11.1     
47139	11.2     
47141	9.4     
47143	12.3     
47145	9.2     
47147	9.2     
47149	8.9     
47151	17.0     
47153	12.1     
47155	10.4     
47157	9.8     
47159	12.3     
47161	12.4     
47163	9.0     
47165	8.9     
47167	11.3     
47169	10.8     
47171	11.9     
47173	10.8     
47175	13.2     
47177	10.9     
47179	8.7     
47181	11.4     
47183	11.0     
47185	10.5     
47187	6.6     
47189	8.4     
48001	8.1     
48003	6.2     
48005	8.5     
48007	9.2     
48009	6.7     
48011	4.9     
48013	8.2     
48015	8.0     
48017	7.9     
48019	7.8     
48021	8.2     
48023	7.0     
48025	8.9     
48027	7.7     
48029	7.3     
48031	6.0     
48033	6.4     
48035	8.8     
48037	8.4     
48039	8.5     
48041	6.3     
48043	5.5     
48045	6.1     
48047	12.0     
48049	8.2     
48051	7.9     
48053	6.8     
48055	8.6     
48057	8.8     
48059	7.3     
48061	11.2     
48063	9.1     
48065	5.4     
48067	11.2     
48069	5.4     
48071	9.7     
48073	8.8     
48075	5.6     
48077	7.5     
48079	8.1     
48081	6.1     
48083	9.1     
48085	7.2     
48087	5.6     
48089	8.1     
48091	7.0     
48093	7.6     
48095	5.7     
48097	7.3     
48099	7.5     
48101	7.0     
48103	7.6     
48105	8.5     
48107	8.0     
48109	7.1     
48111	5.3     
48113	8.6     
48115	7.7     
48117	5.8     
48119	7.9     
48121	7.1     
48123	7.8     
48125	11.3     
48127	10.5     
48129	6.9     
48131	11.6     
48133	8.6     
48135	8.3     
48137	7.1     
48139	8.0     
48141	9.2     
48143	6.4     
48145	8.5     
48147	8.1     
48149	6.1     
48151	7.0     
48153	7.9     
48155	6.6     
48157	7.6     
48159	8.6     
48161	8.2     
48163	7.3     
48165	5.9     
48167	9.1     
48169	5.9     
48171	5.5     
48173	4.8     
48175	7.4     
48177	6.8     
48179	8.6     
48181	8.2     
48183	7.9     
48185	8.9     
48187	6.7     
48189	7.4     
48191	9.1     
48193	6.8     
48195	4.3     
48197	8.3     
48199	9.9     
48201	8.3     
48203	9.4     
48205	4.2     
48207	5.4     
48209	7.0     
48211	3.9     
48213	8.8     
48215	11.8     
48217	8.4     
48219	7.1     
48221	8.5     
48223	7.4     
48225	7.7     
48227	7.2     
48229	7.9     
48231	8.9     
48233	8.4     
48235	5.3     
48237	7.8     
48239	7.0     
48241	12.4     
48243	4.9     
48245	11.3     
48247	10.3     
48249	10.0     
48251	8.7     
48253	8.8     
48255	9.1     
48257	8.5     
48259	6.2     
48261	6.8     
48263	4.8     
48265	6.7     
48267	6.0     
48269	4.3     
48271	11.2     
48273	8.4     
48275	5.9     
48277	9.3     
48279	7.6     
48281	7.1     
48283	8.9     
48285	6.9     
48287	7.2     
48289	8.9     
48291	11.7     
48293	7.9     
48295	5.9     
48297	7.3     
48299	8.1     
48301	5.6     
48303	6.3     
48305	6.6     
48307	7.0     
48309	7.4     
48311	4.3     
48313	8.4     
48315	11.8     
48317	6.0     
48319	6.3     
48321	11.5     
48323	15.2     
48325	7.5     
48327	7.4     
48329	5.9     
48331	11.2     
48333	6.3     
48335	8.2     
48337	8.0     
48339	7.5     
48341	5.4     
48343	13.8     
48345	6.3     
48347	7.1     
48349	8.3     
48351	12.7     
48353	7.5     
48355	8.1     
48357	5.9     
48359	4.6     
48361	11.7     
48363	8.6     
48365	9.0     
48367	7.6     
48369	4.4     
48371	7.3     
48373	9.7     
48375	6.3     
48377	18.5     
48379	8.8     
48381	5.2     
48383	5.5     
48385	9.1     
48387	11.5     
48389	8.9     
48391	8.7     
48393	5.4     
48395	9.2     
48397	7.4     
48399	8.3     
48401	7.8     
48403	16.3     
48405	13.0     
48407	10.0     
48409	10.5     
48411	6.2     
48413	7.6     
48415	6.8     
48417	5.6     
48419	8.5     
48421	4.6     
48423	7.9     
48425	8.0     
48427	17.3     
48429	7.5     
48431	4.7     
48433	5.8     
48435	9.6     
48437	6.6     
48439	8.1     
48441	6.8     
48443	6.8     
48445	7.4     
48447	6.0     
48449	8.5     
48451	6.6     
48453	6.8     
48455	9.5     
48457	11.8     
48459	8.8     
48461	6.1     
48463	8.9     
48465	9.3     
48467	8.4     
48469	7.7     
48471	7.7     
48473	8.6     
48475	8.5     
48477	7.2     
48479	8.2     
48481	8.7     
48483	6.1     
48485	7.8     
48487	7.9     
48489	14.5     
48491	7.2     
48493	6.8     
48495	9.2     
48497	8.7     
48499	9.1     
48501	7.0     
48503	7.7     
48505	10.4     
48507	13.9     
49001	9.9     
49003	8.5     
49005	6.1     
49007	8.6     
49009	7.3     
49011	7.0     
49013	9.6     
49015	7.3     
49017	10.2     
49019	10.5     
49021	9.6     
49023	9.1     
49025	7.9     
49027	6.2     
49029	6.9     
49031	10.1     
49033	7.2     
49035	7.7     
49037	10.9     
49039	9.0     
49041	8.3     
49043	7.4     
49045	8.3     
49047	8.5     
49049	7.4     
49051	8.4     
49053	10.5     
49055	8.6     
49057	8.8     
50001	5.8     
50003	6.9     
50005	6.8     
50007	4.8     
50009	10.0     
50011	5.7     
50013	6.9     
50015	7.6     
50017	5.9     
50019	8.9     
50021	7.4     
50023	5.9     
50025	6.1     
50027	6.1     
51001	7.9     
51003	6.0     
51005	8.6     
51007	8.5     
51009	8.1     
51011	8.6     
51013	4.1     
51015	7.1     
51017	7.5     
51019	7.0     
51021	8.6     
51023	6.4     
51025	11.3     
51027	10.0     
51029	10.7     
51031	7.7     
51033	9.6     
51035	11.5     
51036	9.6     
51037	10.0     
51041	7.3     
51043	6.7     
51045	7.9     
51047	7.2     
51049	8.4     
51051	10.5     
51053	8.8     
51057	9.1     
51059	5.1     
51061	6.2     
51063	7.0     
51065	6.3     
51067	8.7     
51069	7.5     
51071	9.6     
51073	6.8     
51075	7.2     
51077	12.5     
51079	6.7     
51081	9.6     
51083	12.2     
51085	6.6     
51087	7.3     
51089	14.7     
51091	6.2     
51093	7.1     
51095	6.3     
51097	8.1     
51099	7.4     
51101	7.5     
51103	9.8     
51105	7.9     
51107	5.1     
51109	7.5     
51111	9.5     
51113	6.3     
51115	6.3     
51117	11.3     
51119	7.2     
51121	7.1     
51125	7.1     
51127	7.2     
51131	8.5     
51133	8.7     
51135	7.6     
51137	8.3     
51139	11.6     
51141	12.7     
51143	10.9     
51145	7.1     
51147	9.7     
51149	8.1     
51153	6.1     
51155	11.1     
51157	6.3     
51159	7.1     
51161	6.3     
51163	7.5     
51165	6.7     
51167	10.2     
51169	8.5     
51171	8.2     
51173	12.1     
51175	8.6     
51177	7.0     
51179	6.5     
51181	9.0     
51183	11.4     
51185	8.8     
51187	8.1     
51191	7.9     
51193	8.1     
51195	8.3     
51197	11.1     
51199	6.1     
51510	4.9     
51520	8.8     
51530	9.9     
51540	6.1     
51550	7.2     
51570	8.3     
51580	10.6     
51590	13.5     
51595	12.4     
51600	5.4     
51610	4.9     
51620	12.6     
51630	9.0     
51640	10.9     
51650	9.0     
51660	8.3     
51670	11.6     
51678	9.3     
51680	8.5     
51683	7.0     
51685	6.2     
51690	17.4     
51700	8.3     
51710	8.8     
51720	7.3     
51730	14.0     
51735	6.1     
51740	9.6     
51750	9.3     
51760	9.5     
51770	8.7     
51775	6.9     
51790	7.8     
51800	7.6     
51810	6.5     
51820	9.0     
51830	10.1     
51840	8.3     
53001	10.5     
53003	9.4     
53005	7.9     
53007	8.9     
53009	11.0     
53011	12.9     
53013	9.4     
53015	12.9     
53017	9.7     
53019	17.5     
53021	8.8     
53023	8.3     
53025	10.9     
53027	13.9     
53029	9.3     
53031	10.3     
53033	9.0     
53035	8.6     
53037	9.8     
53039	12.2     
53041	13.1     
53043	8.4     
53045	11.9     
53047	10.7     
53049	14.0     
53051	15.3     
53053	10.4     
53055	7.3     
53057	10.9     
53059	12.8     
53061	10.7     
53063	10.1     
53065	13.1     
53067	9.0     
53069	15.3     
53071	8.0     
53073	9.5     
53075	6.7     
53077	10.6     
54001	10.0     
54003	8.6     
54005	8.8     
54007	11.1     
54009	11.4     
54011	7.2     
54013	14.0     
54015	14.1     
54017	7.1     
54019	10.0     
54021	8.9     
54023	9.8     
54025	8.7     
54027	9.1     
54029	12.1     
54031	11.6     
54033	7.6     
54035	11.4     
54037	6.7     
54039	7.4     
54041	8.8     
54043	11.7     
54045	10.1     
54047	13.2     
54049	7.3     
54051	9.7     
54053	11.5     
54055	8.5     
54057	9.3     
54059	9.8     
54061	5.6     
54063	8.0     
54065	9.1     
54067	10.0     
54069	7.9     
54071	8.6     
54073	10.6     
54075	11.5     
54077	8.4     
54079	7.6     
54081	8.1     
54083	10.5     
54085	9.7     
54087	13.6     
54089	9.5     
54091	7.7     
54093	11.0     
54095	11.4     
54097	9.3     
54099	8.5     
54101	10.1     
54103	11.7     
54105	12.5     
54107	8.9     
54109	10.4     
55001	12.4     
55003	11.1     
55005	9.3     
55007	11.1     
55009	7.9     
55011	7.8     
55013	11.1     
55015	6.9     
55017	8.4     
55019	10.3     
55021	8.5     
55023	10.5     
55025	5.9     
55027	9.0     
55029	11.3     
55031	8.3     
55033	7.9     
55035	7.0     
55037	10.4     
55039	8.5     
55041	11.7     
55043	7.6     
55045	8.0     
55047	9.3     
55049	8.2     
55051	11.4     
55053	8.7     
55055	8.7     
55057	10.0     
55059	10.3     
55061	8.2     
55063	6.6     
55065	7.2     
55067	11.0     
55069	11.3     
55071	9.9     
55073	9.3     
55075	11.1     
55077	10.9     
55078	17.5     
55079	10.0     
55081	8.0     
55083	10.7     
55085	10.2     
55087	8.1     
55089	7.1     
55091	7.4     
55093	7.0     
55095	10.0     
55097	8.0     
55099	10.9     
55101	10.2     
55103	9.0     
55105	11.3     
55107	12.3     
55109	7.6     
55111	8.4     
55113	11.3     
55115	10.2     
55117	9.3     
55119	10.3     
55121	7.6     
55123	7.9     
55125	11.3     
55127	9.0     
55129	9.7     
55131	8.1     
55133	7.3     
55135	9.4     
55137	10.8     
55139	7.8     
55141	9.3     
56001	4.5     
56003	6.7     
56005	6.0     
56007	6.7     
56009	5.5     
56011	5.0     
56013	6.9     
56015	4.9     
56017	5.2     
56019	6.8     
56021	6.7     
56023	8.4     
56025	7.0     
56027	4.6     
56029	6.1     
56031	5.5     
56033	7.3     
56035	5.9     
56037	6.6     
56039	7.7     
56041	7.0     
56043	5.9     
56045	4.8     
72001	19.6     
72003	19.5     
72005	20.4     
72007	22.2     
72009	19.4     
72011	19.3     
72013	18.0     
72015	23.0     
72017	24.5     
72019	17.7     
72021	12.9     
72023	16.6     
72025	15.6     
72027	16.5     
72029	17.8     
72031	13.0     
72033	15.2     
72035	15.8     
72037	20.7     
72039	27.0     
72041	15.7     
72043	21.9     
72045	22.2     
72047	17.3     
72049	10.2     
72051	12.0     
72053	20.1     
72054	22.1     
72055	25.6     
72057	23.5     
72059	24.4     
72061	8.5     
72063	14.0     
72065	16.4     
72067	16.4     
72069	21.1     
72071	20.0     
72073	19.5     
72075	18.0     
72077	18.7     
72079	22.8     
72081	19.9     
72083	18.3     
72085	19.5     
72087	16.8     
72089	20.5     
72091	18.8     
72093	18.3     
72095	24.7     
72097	18.7     
72099	20.4     
72101	22.8     
72103	21.4     
72105	20.3     
72107	22.4     
72109	26.3     
72111	24.2     
72113	17.1     
72115	19.6     
72117	18.5     
72119	15.2     
72121	21.6     
72123	26.0     
72125	18.4     
72127	10.3     
72129	17.4     
72131	22.2     
72133	20.7     
72135	12.0     
72137	12.7     
72139	10.5     
72141	20.8     
72143	17.2     
72145	20.8     
72147	18.6     
72149	22.0     
72151	25.4     
72153	21.4     